sentence_id,amr
1,"(t / tanam
      :ARG0 (b1 / bu
            :name (a / ani))
      :ARG1 (b2 / bunga))"
2,"(t / tanam
      :ARG0 (b1 / bu
            :name (a / ani))
      :ARG1 (b2 / bunga))"
3,"(b1 / berangkat
      :ARG0 (o / om
            :name (a / andi))
      :ARG1 (s / sekolah
            :mod (k / ke))
      :time (b2 / besok))"
4,"(p / pergi
      :ARG0 (i / ibu
            :name (a / asih))
      :location (r / rumah
            :mod (n / nenek
                  :name (y / yanti)))
      :time (k / kemarin))"
5,"(p / pergi
      :ARG0 (k1 / kami
            :mod (k2 / keluarga))
      :ARG1 (t / tamasya)
      :time (h / hari
            :mod (m / minggu)))"
6,"(a / ajar
      :ARG0 (s1 / siswa)
      :location (s2 / sekolah))"
7,"(u / upacara
      :ARG0 (s / siswa
            :mod (p / para)))"
8,"(m / makan
      :ARG0 (o / om
            :name (b / budi))
      :ARG1 (p / permen))"
9,"(m / makan
      :ARG0 (o / om
            :name (b / budi))
      :ARG1 (p / permen))"
10,"(t1 / tanam
      :ARG0 (t2 / tani)
      :ARG1 (p / padi))"
11,"(t1 / tanam
      :ARG0 (t2 / tani)
      :ARG1 (p / padi))"
12,"(p / pergi
      :ARG0 (a / ayah)
      :location (k1 / kantor
            :mod (k2 / ke)))"
13,"(m / masak
      :ARG0 (i / ibu
            :name (r / risna))
      :ARG1 (a / ayam)
      :location (d / dapur))"
14,"(m / masak
      :ARG0 (i / ibu
            :name (r / risna))
      :ARG1 (a / ayam)
      :location (d / dapur))"
15,"(m / main
      :ARG0 (a / adik)
      :ARG1 (t / teman))"
16,"(t / tidur
      :ARG0 (k / kakak))"
17,"(a1 / ajak
      :ARG0 (p / paman
            :name (n / nadiem))
      :ARG1 (a2 / adik)
      :mod (m / main))"
18,"(a1 / ajak
      :ARG0 (p / paman
            :name (n / nadiem))
      :ARG1 (a2 / adik)
      :mod (m / main))"
19,"(p / pimpin
      :ARG0 (k / kepala
            :mod (s / sekolah))
      :ARG1 (u / upacara)
      :time (t / tadi))"
20,"(p / pimpin
      :ARG0 (k / kepala
            :mod (s / sekolah))
      :ARG1 (u / upacara)
      :time (t / tadi))"
21,"(t1 / tonton
      :ARG0 (m / mereka)
      :ARG1 (t2 / tanding
            :mod (b1 / bola
                  :mod (b2 / basket)))
      :time (h / hari))"
22,"(t1 / tonton
      :ARG0 (m / mereka)
      :ARG1 (t2 / tanding
            :mod (b1 / bola
                  :mod (b2 / basket)))
      :time (h / hari))"
23,"(a1 / ajak
      :ARG0 (i / ibu
            :name (f / fio))
      :ARG1 (a2 / adik)
      :location (p / pasar))"
24,"(a1 / ajak
      :ARG0 (i / ibu
            :name (f / fio))
      :ARG1 (a2 / adik)
      :location (p / pasar))"
25,"(p / punya
      :ARG0 (o / om
            :name (i / irwan))
      :ARG1 (s / sepatu
            :mod (b / baru)))"
26,"(p / punya
      :ARG0 (o / om
            :name (i / irwan))
      :ARG1 (s / sepatu
            :mod (b / baru)))"
27,"(a / ajar
      :ARG0 (s1 / siswa
            :mod (s2 / semua))
      :mod (r / rajin))"
28,"(j / jual
      :ARG0 (d / dagang
            :mod (p1 / para))
      :location (p2 / pasar)
      :time (h / hari))"
29,"(s1 / siap
      :ARG0 (p / peserta
            :mod (l / lomba))
      :location (g / garis
            :mod (s2 / start)))"
30,"(b1 / baca
      :ARG0 (b2 / bu
            :name (a / anna))
      :ARG1 (b3 / buku)
      :time (k / kemarin))"
31,"(b1 / baca
      :ARG0 (b2 / bu
            :name (a / anna))
      :ARG1 (b3 / buku)
      :time (k / kemarin))"
32,"(b1 / baca
      :ARG0 (b2 / bu
            :name (a / anna))
      :ARG1 (b3 / buku
            :name (b4 / bobo)))"
33,"(b1 / baca
      :ARG0 (b2 / bu
            :name (a / anna))
      :ARG1 (b3 / buku
            :name (b4 / bobo)))"
34,"(b1 / baca
      :ARG0 (b2 / bu
            :name (a / anna))
      :ARG1 (b3 / buku
            :name (b4 / bobo)))"
35,"(b / beli
      :ARG0 (s / syifa)
      :ARG1 (r / roti
            :name (j / jaya)))"
36,"(b / beli
      :ARG0 (s / syifa)
      :ARG1 (r / roti
            :name (j / jaya)))"
37,"(p / pergi
      :ARG0 (t / tante
            :name (s1 / syifa))
      :location (s2 / salon
            :name (l / lutuye)))"
38,"(k / kena
      :ARG0 (z / zulia)
      :ARG1 (b / baju
            :mod (m / merah)))"
39,"(k / kena
      :ARG0 (z / zulia)
      :ARG1 (b / baju
            :mod (m / merah)))"
40,"(c / cetak
      :ARG0 (m / mereka)
      :ARG1 (g / gol)
      :location (g1 / gawang
            :mod (l / lawan)))"
41,"(c / cetak
      :ARG0 (m / mereka)
      :ARG1 (g / gol)
      :location (g1 / gawang
            :mod (l / lawan)))"
42,"(l / laku
      :ARG0 (m / mereka)
      :ARG1 (s / selebrasi))"
43,"(l / laku
      :ARG0 (m / mereka)
      :ARG1 (s / selebrasi))"
44,"(s / sambut
      :ARG0 (t / tonton)
      :ARG1 (p / pak
            :name (b / budi))
      :mod (r / riuh))"
45,"(s / sambut
      :ARG0 (t / tonton)
      :ARG1 (p / pak
            :name (b / budi))
      :mod (r / riuh))"
46,"(p / pintal
      :ARG0 (a / ashita)
      :ARG1 (b / benang
            :mod (w / wol)))"
47,"(p / pintal
      :ARG0 (a / ashita)
      :ARG1 (b / benang
            :mod (w / wol)))"
48,"(p / pintal
      :ARG0 (a / ashita)
      :ARG1 (b / benang
            :mod (s / sutra)))"
49,"(m / main
      :ARG0 (p / profesor
            :name (j / joko))
      :ARG1 (b / bola))"
50,"(m / main
      :ARG0 (p / profesor
            :name (j / joko))
      :ARG1 (b / bola))"
51,"(t1 / tangis
      :ARG0 (p1 / pak
            :name (a / andi))
      :location (t2 / tengah
            :mod (p2 / permainan)))"
52,"(t / tidur
      :ARG0 (a / ayah))"
53,"(m / main
      :ARG0 (r / risya)
      :ARG1 (v / voli))"
54,"(m / main
      :ARG0 (r / risya)
      :ARG1 (v / voli))"
55,"(t / tendang
      :ARG0 (b1 / bos
            :name (a / andi))
      :ARG1 (b2 / bola
            :mod (i / itu)))"
56,"(t / tendang
      :ARG0 (b1 / bos
            :name (a / andi))
      :ARG1 (b2 / bola
            :mod (i / itu)))"
57,"(j / jalan
      :ARG0 (m / main)
      :mod (t / tarik))"
58,"(k / ketik
      :ARG0 (a / aku)
      :ARG1 (c / cerita))"
59,"(k / ketik
      :ARG0 (a / aku)
      :ARG1 (c / cerita))"
60,"(k / ketik
      :ARG0 (a1 / aku)
      :ARG1 (c / cerita)
      :time (d / datang
            :ARG0 (a2 / ayah)))"
61,"(k / ketik
      :ARG0 (a1 / aku)
      :ARG1 (c / cerita)
      :time (d / datang
            :ARG0 (a2 / ayah)))"
62,"(a1 / adalah
      :ARG0 (s / suminah)
      :mod (a2 / anak
            :mod (d / dua)))"
63,"(m / manja
      :ARG1 (i / ia))"
64,"(m / manja
      :ARG0 (o / orang
            :mod (t / tua))
      :ARG1 (i / ia))"
65,"(m / manja
      :ARG0 (o / orang
            :mod (t / tua))
      :ARG1 (i / ia))"
66,"(b / benci
      :ARG0 (a / aku)
      :ARG1 (t / tikus))"
67,"(b / benci
      :ARG0 (a / aku)
      :ARG1 (t / tikus))"
68,"(b / benci
      :ARG0 (i / ia)
      :ARG1 (k / kucing))"
69,"(b / benci
      :ARG0 (i / ia)
      :ARG1 (k / kucing))"
70,"(o / orang
      :ARG0 (a / ayah)
      :ARG1 (p / polisi))"
71,"(a / anak
      :ARG0 (d / dewi)
      :mod (m / manja))"
72,"(r1 / rangkak
      :ARG0 (o / orang
            :name (r2 / rudi)))"
73,"(o / orang
      :ARG0 (p / pak
            :name (s / sasu))
      :ARG1 (c / ceo
            :mod (m / muda))
      :location (i / indonesia))"
74,"(a1 / anak
      :ARG0 (a2 / andriana)
      :mod (b / berani))"
75,"(a / adalah
      :ARG0 (z / zia)
      :ARG1 (m1 / mayoret
            :mod (k / kelompok
                  :mod (m2 / marching
                        :mod (b / band)))))"
76,"(s2 / siswa
      :ARG0 (m / mereka)
      :mod (s1 / sma
            :name (d / dua)
            :name (n / nusantara)))"
77,"(o / orang
      :ARG0 (t / teguh)
      :ARG1 (p1 / perwira
            :mod (p2 / polisi)))"
78,"(r1 / rupa
      :ARG0 (r2 / ramadhan)
      :ARG1 (b / bulan
            :mod (s / suci)))"
79,"(b1 / baca
      :ARG0 (a / andi)
      :ARG1 (b2 / buku))"
80,"(b1 / baca
      :ARG0 (a / andi)
      :ARG1 (b2 / buku))"
81,"(l1 / lari
      :ARG0 (s / siana)
      :location (l2 / lapang))"
82,"(k1 / kerja
      :ARG0 (s / siwan)
      :ARG1 (t / tugas)
      :location (p / pustaka
            :mod (k2 / kampus)))"
83,"(k1 / kerja
      :ARG0 (s / siwan)
      :ARG1 (t / tugas)
      :location (p / pustaka
            :mod (k2 / kampus)))"
84,"(r / rotasi
      :ARG0 (b / bumi))"
85,"(p / putar
      :ARG0 (b / bola)
      :location (u / udara))"
86,"(s / sapa
      :ARG0 (d / dika)
      :ARG1 (t / tiap
            :mod (o / orang
                  :mod (l / lewat))))"
87,"(s / sapa
      :ARG0 (d / dika)
      :ARG1 (t / tiap
            :mod (o / orang
                  :mod (l / lewat))))"
88,"(g / gerak
      :ARG0 (m1 / menara
            :mod (p / pisa))
      :mod (m2 / miring))"
89,"(b / baca
      :ARG0 (s1 / sonia)
      :ARG1 (j / jurnal
            :mod (h / hari
                  :mod (s2 / sekolah)))
      :mod (k / kembali))"
90,"(b / baca
      :ARG0 (s1 / sonia)
      :ARG1 (j / jurnal
            :mod (h / hari
                  :mod (s2 / sekolah)))
      :mod (k / kembali))"
91,"(m / mati
      :ARG0 (s / singa)
      :mod (l / lapar))"
92,"(l / lari
      :ARG0 (i / impala)
      :ARG1 (k / kejar
            :ARG0 (s / singa)))"
93,"(b / bangun
      :ARG1 (g / gedung)
      :mod (t / tahun
            :mod (l / lima)))"
94,"(s1 / selesai
      :ARG1 (m / misi
            :mod (s2 / satu)))"
95,"(s / sepatu
      :ARG0 (a / anna)
      :mod (p / pasang
            :mod (d / dua)))"
96,"(a / ada
      :ARG1 (c / coklat)
      :mod (b / biji
            :mod (t / tiga)))"
97,"(u / umur
      :ARG0 (b / bangunan)
      :mod (a / abad))"
98,"(a1 / ada
      :ARG0 (a2 / anak
            :mod (k / kucing))
      :mod (t / tiga))"
99,"(n / naik
      :ARG0 (t / tante
            :name (a / ari))
      :ARG1 (s / sepeda))"
100,"(n / naik
      :ARG0 (t / tante
            :name (a / ari))
      :ARG1 (s / sepeda))"
101,"(j / jadi
      :ARG0 (b1 / bu
            :name (a / ayu))
      :ARG1 (l / lulus
            :mod (b2 / baik
                  :mod (i / ipb)
                  :time (t / tahun
                        :mod 2017))))"
102,"(m1 / mampu
      :ARG0 (d / dia)
      :ARG1 (m2 / mandiri
            :mod (f / finansial)))"
103,"(o / orang
      :ARG0 (i / ibu)
      :ARG1 (d / dokter))"
104,"(b / beli
      :ARG0 (a / arya)
      :ARG1 (t / telur)
      :location (m / minimarket))"
105,"(b / beli
      :ARG0 (k / kakek
            :name (a / arya))
      :ARG1 (t / telur)
      :location (m / minimarket))"
106,"(r1 / roboh
      :ARG1 (r2 / rumah))"
107,"(k / kacau
      :ARG0 (h / hujan)
      :ARG1 (s / sinyal
            :mod (i / internet)))"
108,"(a / adalah
      :ARG0 (p / padam
            :mod (g / gilir
                  :mod (e / empat))
            :time (m / minggu)))"
109,"(w / warna
      :ARG0 (m / mobil)
      :ARG1 (s / silver))"
110,"(t / taruh
      :ARG0 (a1 / aku)
      :ARG1 (m1 / majalah)
      :location (m2 / meja
            :mod (a2 / atas)))"
111,"(t / taruh
      :ARG0 (a1 / aku)
      :ARG1 (m1 / majalah)
      :location (m2 / meja
            :mod (a2 / atas)))"
112,"(d / dapat
      :ARG0 (a / aji)
      :ARG1 (k / kerja
            :mod (b / bagus))
      :location (p / perusahaan
            :mod (m / multi-nasional)))"
113,"(d / diri
      :ARG0 (o / orang)
      :location (s1 / sana)
      :time (t / tadi
            :mod (s / sejak)))"
114,"(t / tinggal
      :ARG0 (k / kakak))"
115,"(p1 / pergi
      :ARG0 (r / riana)
      :location (p2 / pasar))"
116,"(d / dari
      :ARG0 (a / ayah)
      :location (k / kota))"
117,"(b1 / bawa
      :ARG0 (a / ayah)
      :ARG1 (b2 / boneka))"
118,"(b1 / bawa
      :ARG0 (a / ayah)
      :ARG1 (b2 / boneka))"
119,"(m / main
      :ARG0 (k / kesang)
      :ARG1 (b / bola))"
120,"(m / main
      :ARG0 (k / kesang)
      :ARG1 (b / bola))"
121,"(t / tabrak
      :ARG0 (m1 / mobil)
      :ARG1 (m2 / mobil
            :mod (p1 / parkir))
      :location (d / depan
            :mod (k / kompleks))
      :time (p2 / pagi
            :mod (i / ini)))"
122,"(t / tabrak
      :ARG0 (m1 / mobil)
      :ARG1 (m2 / mobil
            :mod (p1 / parkir))
      :location (d / depan
            :mod (k / kompleks))
      :time (p2 / pagi
            :mod (i / ini)))"
123,"(b1 / beri
      :ARG0 (a / agung)
      :ARG1 (s / selamat
            :ARG1 (p / pada))
      :time (b2 / bulan
            :mod (i / ini)))"
124,"(b / bahagia
      :ARG0 (a / aku)
      :time (h / hari
            :mod (i / ini)))"
125,"(a / anak
      :ARG0 (k / kucing)
      :ARG1 (l / lima))"
126,"(p / pergi
      :ARG0 (i / ibu)
      :location (k / kantor))"
127,"(a1 / antar
      :ARG0 (a2 / ayah)
      :ARG1 (i / ibu)
      :location (p / pasar))"
128,"(a1 / antar
      :ARG0 (a2 / ayah)
      :ARG1 (i / ibu)
      :location (p / pasar))"
129,"(t1 / tara
      :ARG0 (g / gaji
            :mod (b1 / bulan
                  :mod (t2 / tiap)))
      :ARG1 (r / rumah
            :mod (b2 / buah
                  :mod (s2 / satu))))"
130,"(m / makan
      :ARG0 (a / aku)
      :ARG1 (r / roti)
      :time (t / tadi))"
131,"(m / makan
      :ARG0 (a / aku)
      :ARG1 (r / roti)
      :time (t / tadi))"
132,"(b / busuk
      :ARG0 (r / roti))"
133,"(b / buang
      :ARG0 (a / aku)
      :ARG1 (r / roti)
      :location (t / tempat
            :mod (s / sampah)))"
134,"(b / buang
      :ARG0 (a / aku)
      :ARG1 (r / roti)
      :location (t / tempat
            :mod (s / sampah)))"
135,"(b / bawa
      :ARG0 (a / aceng)
      :ARG1 (s1 / sesuatu)
      :location (s2 / semeru))"
136,"(g / gerak
      :ARG0 (m1 / mobil)
      :ARG1 (m2 / maju))"
137,"(g / guna
      :ARG0 (m1 / mereka)
      :ARG1 (t / teknologi
            :mod (r / rupa
                  :mod (p / paling
                        :mod (m2 / mutakhir)))))"
138,"(a / anak
      :ARG0 (d / dia)
      :mod (r / riang))"
139,"(a / ada
      :ARG0 (b / balon)
      :mod (l / lima))"
140,"(b / beli
      :ARG0 (j / jabar
            :mod (u / untuk)))"
141,"(s1 / senang
      :ARG0 (k / kami)
      :location (t / taman
            :mod (b / bermain))
      :time (s2 / siang
            :mod (i / itu)))"
142,"(t / tampak
      :ARG0 (r / raut
            :mod (m / muka))
      :ARG1 (b / bahagia))"
143,"(b / buat
      :ARG0 (j / jadi)
      :ARG1 (r / rifqy)
      :mod (s / sadar)
      :time (k / kemarin))"
144,"(b / buat
      :ARG0 (j / jadi)
      :ARG1 (r / rifqy)
      :mod (s / sadar)
      :time (k / kemarin))"
145,"(s3 / suka
      :ARG0 (i1 / ia)
      :ARG1 (s1 / suka
            :ARG0 (d / dekat
                  :ARG1 (m / mereka)))
      :time (l / lama
            :mod (i2 / ini)))"
146,"(t / tahu
      :ARG0 (b / bu
            :name (r1 / rifqy))
      :ARG1 (r2 / rasa))"
147,"(t / tahu
      :ARG0 (b / bu
            :name (r1 / rifqy))
      :ARG1 (r2 / rasa))"
148,"(j / juara
      :ARG0 (a / alfiansyah)
      :ARG1 (r / renang))"
149,"(j1 / jadi
      :ARG0 (a / agribisnis
            :mod 50)
      :ARG1 (j2 / juara
            :ARG1 (t1 / the
                  :mod 10th)
            :mod (u / umum))
      :time (t2 / tahun
            :mod (i / ini)))"
150,"(k / kantuk
      :ARG0 (a / aku)
      :time (s / sore
            :mod (t / tadi)))"
151,"(s / selesai
      :ARG0 (d / dia)
      :ARG1 (t1 / tugas)
      :time (t2 / tepat
            :mod (w / waktu)))"
152,"(s / selesai
      :ARG0 (d / dia)
      :ARG1 (t1 / tugas)
      :time (t2 / tepat
            :mod (w / waktu)))"
153,"(a / anak
      :ARG0 (d / dia)
      :mod (c / cerdas))"
154,"(a / ada
      :ARG0 (r1 / rumah)
      :location (b / belakang
            :mod (k / kebun
                  :mod (r2 / raya))))"
155,"(a / ada
      :ARG0 (t / tk)
      :location (s / sebelah
            :mod (k / kanan)))"
156,"(p1 / pilih
      :ARG0 (m / mereka)
      :ARG1 (t / tinggal
            :location (p2 / pinggiran
                  :mod (j / jakarta))))"
157,"(j / jarak
      :ARG0 (r / rumah
            :mod (m / mereka)
            :time (s / sekarang))
      :mod (d / dekat
            :ARG1 (t / tempat
                  :mod (k / kerja))))"
158,"(r / rupa
      :ARG0 (s / shiana)
      :ARG1 (a / anak
            :ARG0 (m / mereka
                  :mod (d / dua))))"
159,"(n / nanti
      :ARG0 (s1 / shiana)
      :ARG1 (l / lahir
            :ARG1 (a / adik)
            :location (d / dunia))
      :time (s2 / sekarang))"
160,"(n / nanti
      :ARG0 (s1 / shiana)
      :ARG1 (l / lahir
            :ARG1 (a / adik)
            :location (d / dunia))
      :time (s2 / sekarang))"
161,"(s / semangat
      :ARG0 (i / ibu)
      :ARG1 (g1 / gadis)
      :location (g2 / garis
            :mod (f / finish))
      :time (p / pagi
            :mod (t / tadi)))"
162,"(s / semangat
      :ARG0 (i / ibu)
      :ARG1 (g1 / gadis)
      :location (g2 / garis
            :mod (f / finish))
      :time (p / pagi
            :mod (t / tadi)))"
163,"(s / serah
      :ARG0 (a / aku))"
164,"(r1 / rasa
      :ARG0 (a / aku)
      :ARG1 (s / sendiri
            :mod (l / lagi))
      :location (r2 / rumah))"
165,"(t / teman
      :ARG0 (d1 / dia)
      :ARG1 (a / aku)
      :time (p / pagi
            :mod (s / sampai)))"
166,"(b / buat
      :ARG0 (d / datang
            :ARG0 (c / curi))
      :ARG1 (s / seti)
      :mod (t / trauma))"
167,"(l / lihat
      :ARG0 (a / aku)
      :ARG1 (r / raut
            :mod (s / sedih)))"
168,"(l / lihat
      :ARG0 (a / aku)
      :ARG1 (r / raut
            :mod (s / sedih)))"
169,"(d / dapat
      :ARG0 (a / ariana)
      :ARG1 (t1 / tepuk
            :mod (t2 / tangan
                  :mod (m / meriah)))
      :mod (t / tonton))"
170,"(a1 / antar
      :ARG0 (p / pak
            :name (r / rifqy))
      :ARG1 (a2 / aku)
      :time (h / hari
            :mod (i / ini)))"
171,"(h / habis
      :ARG0 (k / kami)
      :ARG1 (w / waktu)
      :time (s / sejak
            :mod (p / pagi)))"
172,"(b1 / bawa
      :ARG0 (i / ia)
      :ARG1 (b2 / bunga)
      :time (k / kemarin))"
173,"(b1 / bawa
      :ARG0 (i / ia)
      :ARG1 (b2 / bunga)
      :time (k / kemarin))"
174,"(a / aku
      :ARG0 (i / ia
            :ARG1 (p1 / pura
                  :mod (p2 / peduli))))"
175,"(s / senang
      :ARG0 (a1 / aku)
      :ARG1 (d / dengar
            :mod (a2 / aku)))"
176,"(p / putus
      :ARG0 (k / kami)
      :ARG1 (n / nikah
            :time (t / tahun
                  :mod (d / depan))))"
177,"(t1 / terima
      :ARG0 (o / orang
            :mod (t2 / tua))
      :mod (a1 / apa
            :mod (a2 / ada)))"
178,"(s / suka
      :ARG0 (k1 / kami
            :mod (k2 / keluarga))
      :ARG1 (c / cita))"
179,"(l / lulus
      :ARG0 (z / zahra)
      :mod (n / nilai
            :mod (p / puas)))"
180,"(l1 / lewat
      :ARG0 (i / ia)
      :ARG1 (u / uji)
      :mod (l2 / lancar))"
181,"(l1 / lewat
      :ARG0 (i / ia)
      :ARG1 (u / uji)
      :mod (l2 / lancar))"
182,"(d / dapat
      :ARG0 (p / putri)
      :ARG1 (s / sorot
            :mod (t / tunjuk
                  :mod (i / itu))))"
183,"(d / dapat
      :ARG0 (p / putri)
      :ARG1 (s / sorot
            :mod (t / tunjuk
                  :mod (i / itu))))"
184,"(p / pukau
      :ARG0 (t / tampil)
      :ARG1 (s / semua
            :mod (o / orang)))"
185,"(s / sangka
      :ARG0 (a / ada)
      :ARG1 (i1 / ia)
      :mod (b / bagus
            :mod (i2 / itu)))"
186,"(t / tampak
      :ARG0 (d / dia)
      :ARG1 (c / cantik
            :mod (s / sekali))
      :time (m / malam
            :mod (i / ini)))"
187,"(r / rebut
      :ARG0 (s / semua
            :mod (o / orang))
      :ARG1 (f / foto))"
188,"(j / jadi
      :ARG0 (i1 / ia)
      :ARG1 (b / bintang
            :time (m / malam
                  :mod (i2 / ini))))"
189,"(d / dapat
      :ARG0 (a / aku)
      :ARG1 (t1 / tawar
            :location (p / perusahaan)
            :mod (t2 / tarik)))"
190,"(d / dapat
      :ARG0 (a / aku)
      :ARG1 (t1 / tawar
            :location (p / perusahaan)
            :mod (t2 / tarik)))"
191,"(t / tawar
      :ARG0 (m1 / mereka)
      :ARG1 (a / aku)
      :mod (s / sebagai
            :mod (m2 / menajer)))"
192,"(t / tawar
      :ARG0 (m1 / mereka)
      :ARG1 (a / aku)
      :mod (s / sebagai
            :mod (m2 / menajer)))"
193,"(l / lihat
      :ARG0 (m / mereka)
      :ARG1 (h / hasil
            :mod (s / skripsi))
      :time (k / kemarin))"
194,"(l / lihat
      :ARG0 (m / mereka)
      :ARG1 (h / hasil
            :mod (s / skripsi))
      :time (k / kemarin))"
195,"(s / senang
      :ARG0 (m / mereka)
      :ARG1 (k / karya
            :mod (t / tulis)))"
196,"(t1 / tarik
      :ARG0 (s / sebuah
            :mod (p / penerbit))
      :ARG1 (t2 / terbit
            :mod (b / buku)))"
197,"(l / lihat
      :ARG0 (m / mereka)
      :ARG1 (c / contoh)
      :location (b / blog))"
198,"(l / lihat
      :ARG0 (m / mereka)
      :ARG1 (c / contoh)
      :location (b / blog))"
199,"(j / judul
      :ARG0 (b / buku
            :mod (p / pertama))
      :ARG1 (r / rindu))"
200,"(r / raya
      :ARG0 (k / kami)
      :ARG1 (s / sukses
            :mod (b / buku)))"
201,"(r / raya
      :ARG0 (k / kami)
      :ARG1 (s / sukses
            :mod (b / buku)))"
202,"(s / sumbang
      :ARG0 (t1 / tia)
      :ARG1 (r / rezeki)
      :location (t2 / tempat
            :mod (y / yatim
                  :mod (p / piatu))))"
203,"(s / sumbang
      :ARG0 (t1 / tia)
      :ARG1 (r / rezeki)
      :location (t2 / tempat
            :mod (y / yatim
                  :mod (p / piatu))))"
204,"(k / kenal
      :ARG0 (t / tia)
      :ARG1 (b / baik
            :mod (o / orang)))"
205,"(r / rupa
      :ARG0 (i / ia)
      :ARG1 (o / orang
            :mod (d / dermawan)))"
206,"(k1 / kenal
      :ARG0 (s1 / semua
            :mod (s2 / satpam
                  :mod (k2 / kampus)))
      :ARG1 (o / orang
            :nama (u / utami)))"
207,"(k1 / kenal
      :ARG0 (s1 / semua
            :mod (s2 / satpam
                  :mod (k2 / kampus)))
      :ARG1 (o / orang
            :nama (u / utami)))"
208,"(a / awal
      :ARG0 (i / ia)
      :ARG1 (k / karir
            :mod (m / musik))
      :mod (b / bagus))"
209,"(a / adalah
      :ARG0 (i / ia)
      :ARG1 (b / bintang
            :mod (s / sayang
                  :mod (g / gemar)))
      :time (k / kini))"
210,"(b1 / bawa
      :ARG0 (a1 / azhila)
      :ARG1 (t / tas
            :mod (b2 / buat
                  :mod (k / kulit
                        :mod (h / harimau
                              :mod (a2 / asli))))))"
211,"(b / bawa
      :ARG0 (m / mereka)
      :ARG1 (t / tas))"
212,"(b / bawa
      :ARG0 (m / mereka)
      :ARG1 (t / tas))"
213,"(m / menang
      :ARG0 (a / aji)
      :ARG1 (l / lomba
            :mod (t / tulis
                  :mod (k / karya
                        :mod (i / ilmiah)))))"
214,"(h / harga
      :ARG0 (j / juri)
      :ARG1 (t / tulis))"
215,"(h / harga
      :ARG0 (j / juri)
      :ARG1 (t / tulis))"
216,"(b / beri
      :ARG0 (l1 / lomba)
      :ARG1 (h / hadiah
            :mod (l2 / libur
                  :location (e / eropa))))"
217,"(s / sinar
      :ARG0 (b / bulan)
      :mod (c / cerah)
      :time (m / malam
            :mod (i / ini)))"
218,"(l / larut
      :ARG0 (s1 / semua
            :mod (o / orang))
      :ARG1 (s2 / senang))"
219,"(t / tampak
      :ARG0 (g / gadis)
      :ARG1 (n / nikmat
            :ARG1 (m / musik)))"
220,"(g / gerak
      :ARG0 (b / badan)
      :mod (i / irama))"
221,"(t / tampak
      :ARG0 (p / pria
            :mod (b / berapa))
      :ARG1 (k / kagum
            :ARG1 (l / lihat
                  :mod (j / jauh))))"
222,"(k1 / kenal
      :ARG0 (i / ia)
      :ARG1 (h / hanya)
      :mod (l / lewat
            :mod (o / otak
                  :mod (c / cerdas)))
      :time (k2 / kini))"
223,"(k / kenal
      :ARG0 (i / ia)
      :ARG1 (p1 / perempuan
            :mod (p2 / pesona)))"
224,"(a1 / akhir
      :ARG0 (b1 / bu
            :name (a2 / ayu))
      :ARG1 (k / kisah
            :mod (b2 / bahagia)))"
225,"(a1 / akhir
      :ARG0 (b1 / bu
            :name (a2 / ayu))
      :ARG1 (k / kisah
            :mod (b2 / bahagia)))"
226,"(p / pilih
      :ARG0 (k1 / karya)
      :ARG1 (j / jadi
            :mod (s / sepuluh
                  :mod (k2 / karya
                        :mod (b / baik)))))"
227,"(p / pesona
      :ARG0 (o / orang)
      :ARG1 (d / diri)
      :time (h / hari
            :mod (i / ini)))"
228,"(d / datang
      :ARG0 (o / om
            :name (a / aria))
      :ARG1 (t1 / temu
            :ARG1 (t2 / tante
                  :name (l / laisha))))"
229,"(d1 / duduk
      :ARG0 (m / mereka)
      :location (d2 / dalam
            :mod (t / trem))
      :mod (s / sebelah))"
230,"(b / beri
      :ARG0 (a / aku)
      :ARG1 (u / uang
            :mod (l / lima
                  :mod (r1 / ribu
                        :mod (r2 / rupiah)))))"
231,"(b / beri
      :ARG0 (s / suster
            :ARG1 (k / kripik)
            :name (n / nabilla)))"
232,"(s / selesai
      :ARG0 (p / pak
            :name (a / aria))
      :ARG1 (t / tesis))"
233,"(s / selesai
      :ARG0 (p / pak
            :name (a / aria))
      :ARG1 (t / tesis))"
234,"(b1 / bawa
      :ARG0 (p / paman
            :name (a / anto))
      :ARG1 (b2 / bingkisan))"
235,"(k / kunjung
      :ARG0 (a / aku)
      :ARG1 (m / museum
            :name (v / van
                  :name (g / Gogh))))"
236,"(k / kunjung
      :ARG0 (a / aku)
      :ARG1 (m / museum
            :name (v / van
                  :name Gogh)))"
237,"(m / main
      :ARG0 (w / wafir)
      :ARG1 (g / gitar)
      :mod (j / jago))"
238,"(i / ingin
      :ARG0 (a / aku)
      :ARG1 (j / jadi
            :ARG1 (l1 / lebih
                  :mod (b / baik
                        :mod (l2 / lagi)))))"
239,"(t / temu
      :ARG0 (b / bu
            :name (a / ayu))
      :ARG1 (p / pak
            :name (j / jabbar))
      :location (k / konser)
      :mod (s / sengaja))"
240,"(p / pilih
      :ARG0 (m / mereka
            :ARG1 (g / gabung)))"
241,"(l / lihat
      :ARG1 (p / pandang
            :mod (i / indah)))"
242,"(a / anak
      :ARG0 (d / dewi
            :mod (b / baik)))"
243,"(a / anak
      :ARG0 (f / firman)
      :mod (n / nakal))"
244,"(i / indah
      :ARG1 (l / lukis))"
245,"(h / hembus
      :ARG0 (a1 / angin
            :mod (a2 / arah
                  :mod (b / barat))))"
246,"(d / dari
      :ARG0 (p / paman)
      :location (j / jawa
            :mod (t / tengah)))"
247,"(p / pergi
      :ARG0 (s1 / saya)
      :location (s2 / sekolah))"
248,"(l / laksana
      :ARG1 (s1 / seminar)
      :location (g1 / gedung
            :mod (s2 / serba
                  :mod (g2 / guna))))"
249,"(k1 / kunjung
      :ARG0 (a / aku)
      :location (r / rumah)
      :time (k2 / kemarin))"
250,"(b / bawa
      :ARG0 (p / paman
            :name (n / noel))
      :ARG1 (s1 / serabi)
      :location (s2 / semarang))"
251,"(b / bawa
      :ARG0 (p / paman
            :name (n / noel))
      :ARG1 (s1 / serabi)
      :location (s2 / semarang))"
252,"(l / laku
      :ARG1 (k1 / kerja
            :mod (k2 / kelompok))
      :location (r / rumah
            :name (a / ami))
      :time (h / hari
            :mod (i / ini)))"
253,"(w / wisata
      :ARG0 (k / kita)
      :location (y / yogyakarta)
      :time (h / hari
            :mod (i / ini)))"
254,"(t / terima
      :ARG0 (k / kampus
            :mod (i / ini))
      :ARG1 (m / mahasiswa
            :mod (l / luar
                  :mod (n / negeri))))"
255,"(l / laku
      :ARG1 (a / aksi
            :mod (d1 / demo))
      :location (d2 / depan
            :mod (g / gedung
                  :mod (m / mpr))))"
256,"(t / temu
      :ARG0 (a / aku)
      :ARG1 (o / orang
            :mod (k / kawan
                  :mod (l / lama)))
      :location (b / bandung))"
257,"(m1 / mampir
      :ARG0 (a / aku)
      :location (r / rumah
            :mod (m2 / makan))
      :time (p / pulang
            :mod (d / dari
                  :mod (k / kantor))))"
258,"(n / naik
      :ARG0 (k1 / kami)
      :ARG1 (k2 / kereta
            :mod (a / api))
      :location (s / stasiun
            :name (g / gambir)))"
259,"(r / rupa
      :ARG0 (d / dodol)
      :ARG1 (m / makan
            :mod (k / khas
                  :location (g / garut))))"
260,"(w1 / wisata
      :ARG0 (b1 / banyak
            :mod (w2 / wisata
                  :mod (m / mancanegara)))
      :location (p / pulau
            :mod (b2 / bali)))"
261,"(d1 / dapat
      :ARG1 (b / banyak
            :mod (k / koleksi
                  :mod (m / main
                        :mod (z / zaman
                              :mod (d2 / dulu)))))
      :location (r / rumah))"
262,"(r / rupa
      :ARG0 (p / profesor
            :name (m / manaf))
      :ARG1 (j / jebol
            :location (u / universitas
                  :location (c / connecticut))))"
263,"(b1 / baca
      :ARG0 (i / ibu
            :name (d / dita))
      :ARG1 (b2 / buku))"
264,"(b1 / baca
      :ARG0 (i / ibu
            :name (d / dita))
      :ARG1 (b2 / buku))"
265,"(b / beli
      :ARG0 (p / pak
            :name (r1 / roni))
      :ARG1 (r2 / roti))"
266,"(b / beli
      :ARG0 (p / pak
            :name (r1 / roni))
      :ARG1 (r2 / roti))"
267,"(k / kena
      :ARG0 (m1 / mbak
            :name (t / tukimin))
      :ARG1 (b / baju
            :mod (m2 / merah)))"
268,"(k / kena
      :ARG0 (m1 / mbak
            :name (t / tukimin))
      :ARG1 (b / baju
            :mod (m2 / merah)))"
269,"(c / cetak
      :ARG0 (k / kita)
      :ARG1 (g1 / gol)
      :location (g2 / gawang
            :mod (l / lawan)))"
270,"(c / cetak
      :ARG0 (k / kita)
      :ARG1 (g1 / gol)
      :location (g2 / gawang
            :mod (l / lawan)))"
271,"(p / pintal
      :ARG0 (m / mbak
            :name (s / shinta))
      :ARG1 (b / benang
            :mod (w / wol)))"
272,"(k / ketik
      :ARG0 (s / saya)
      :ARG1 (c / cerita))"
273,"(k / ketik
      :ARG0 (s / saya)
      :ARG1 (c / cerita))"
274,"(a / ada
      :ARG1 (b / balon)
      :mod (l / lima))"
275,"(a1 / ada
      :ARG0 (a2 / aku)
      :location (d / depan
            :mod (g / gedung)))"
276,"(h / haus
      :ARG0 (k / kita))"
277,"(b / beli
      :ARG0 (a / ayah
            :name (d / dodi))
      :ARG1 (m / motor))"
278,"(b / beli
      :ARG0 (a / ayah
            :name (d / dodi))
      :ARG1 (m / motor))"
279,"(j / jual
      :ARG0 (i / ibu
            :name (s / sukiyem))
      :ARG1 (k / kue)
      :location (p / pasar))"
280,"(j / jual
      :ARG0 (i / ibu
            :name (s / sukiyem))
      :ARG1 (k / kue)
      :location (p / pasar))"
281,"(t / tanya
      :ARG0 (m / mas
            :name (r / ridho))
      :ARG1 (g / guru))"
282,"(g / gonggong
      :ARG0 (a / anjing))"
283,"(a / aum
      :ARG1 (h / harimau
            :mod (s / suara)))"
284,"(l / lari
      :ARG0 (k / kucing))"
285,"(t / tidur
      :ARG0 (a / adik))"
286,"(m / masak
      :ARG0 (i / ibu
            :name (r / rina))
      :location (d / dapur))"
287,"(p1 / pergi
      :ARG0 (i / ibu
            :name (t / tina))
      :location (p2 / pasar))"
288,"(t / tulis
      :ARG0 (k / kak
            :name (r / rima))
      :ARG1 (s / surat))"
289,"(t / tulis
      :ARG0 (k / kak
            :name (r / rima))
      :ARG1 (s / surat))"
290,"(t1 / tutup
      :ARG0 (p / pak
            :name (t2 / toni))
      :ARG1 (j / jendela))"
291,"(t1 / tutup
      :ARG0 (p / pak
            :name (t2 / toni))
      :ARG1 (j / jendela))"
292,"(d / desah
      :ARG0 (b / bu
            :name (a / ayu)))"
293,"(s1 / siram
      :ARG0 (b / bu
            :name (s2 / susi))
      :ARG1 (t / tanam))"
294,"(s1 / siram
      :ARG0 (b / bu
            :name (s2 / susi))
      :ARG1 (t / tanam))"
295,"(g / goda
      :ARG0 (d / dia))"
296,"(d1 / duduk
      :ARG0 (d2 / dia))"
297,"(s / simpuh
      :ARG0 (i / ibu
            :name (d / dodi)))"
298,"(s / sujud
      :ARG0 (k / kami))"
299,"(r / rangkak
      :ARG0 (b / balita))"
300,"(p / panjat
      :ARG1 (m / mereka))"
301,"(s / siaga
      :ARG0 (p / polisi))"
302,"(t / teriak
      :ARG0 (a / aku))"
303,"(a / atur
      :ARG0 (p / polisi)
      :ARG1 (l / lalin))"
304,"(a / atur
      :ARG0 (p / polisi)
      :ARG1 (l / lalin))"
305,"(t / tutup
      :ARG0 (b / bu
            :name (r / resti))
      :ARG1 (m / mata))"
306,"(t / tutup
      :ARG0 (b / bu
            :name (r / resti))
      :ARG1 (m / mata))"
307,"(b / buat
      :ARG0 (k / kak
            :name (s / sally))
      :ARG1 (a / adon))"
308,"(b / buat
      :ARG0 (k / kak
            :name (s / sally))
      :ARG1 (a / adon))"
309,"(i / ikut
      :ARG0 (a / aku)
      :ARG1 (b / bapak
            :name (j / john)))"
310,"(i / ikut
      :ARG0 (a / aku)
      :ARG1 (b / bapak
            :name (j / john)))"
311,"(b / bangun
      :ARG0 (t / tukang)
      :ARG1 (r / rumah))"
312,"(b / bangun
      :ARG0 (t / tukang)
      :ARG1 (r / rumah))"
313,"(n1 / nanti
      :ARG0 (n2 / nenek
            :name (y / yanti))
      :ARG1 (k / kakek
            :name (j / joni)))"
314,"(n1 / nanti
      :ARG0 (n2 / nenek
            :name (y / yanti))
      :ARG1 (k / kakek
            :name (j / joni)))"
315,"(b / basuh
      :ARG0 (k / kami)
      :ARG1 (m / muka))"
316,"(b / basuh
      :ARG0 (k / kami)
      :ARG1 (m / muka))"
317,"(t / tampar
      :ARG0 (p / pakdhe
            :name (y / yayas))
      :ARG1 (k / kakak))"
318,"(t / tampar
      :ARG0 (p / pakdhe
            :name (y / yayas))
      :ARG1 (k / kakak))"
319,"(d1 / donor
      :ARG0 (k / kami)
      :ARG1 (d2 / darah))"
320,"(d1 / donor
      :ARG0 (k / kami)
      :ARG1 (d2 / darah))"
321,"(t1 / tipu
      :ARG0 (o / om
            :name (w / wiwit))
      :ARG1 (t2 / teman))"
322,"(t1 / tipu
      :ARG0 (o / om
            :name (w / wiwit))
      :ARG1 (t2 / teman))"
323,"(t / tarik
      :ARG0 (i / ibu)
      :ARG1 (a / adik))"
324,"(t / tarik
      :ARG0 (i / ibu)
      :ARG1 (a / adik))"
325,"(r / rindu
      :ARG0 (a1 / aku)
      :ARG1 (b / bu
            :name (a2 / azka)))"
326,"(r / rindu
      :ARG0 (a1 / aku)
      :ARG1 (b / bu
            :name (a2 / azka)))"
327,"(b / bawa
      :ARG0 (a / adik)
      :ARG1 (m / makan))"
328,"(b / bawa
      :ARG0 (a / adik)
      :ARG1 (m / makan))"
329,"(r / rawat
      :ARG0 (s1 / suster
            :name (s2 / siska))
      :ARG1 (p / pasien))"
330,"(r / rawat
      :ARG0 (s1 / suster
            :name (s2 / siska))
      :ARG1 (p / pasien))"
331,"(c / cicip
      :ARG0 (t / tante
            :name (s / suti))
      :ARG1 (m / masak))"
332,"(c / cicip
      :ARG0 (t / tante
            :name (s / suti))
      :ARG1 (m / masak))"
333,"(c / cerita
      :ARG0 (a / aku))"
334,"(t / tinggal
      :ARG0 (k / kakek
            :name (g / glenn)))"
335,"(l / lamar
      :ARG0 (t / tante
            :name (s / siti))
      :ARG1 (k / kerja))"
336,"(l / lamar
      :ARG0 (t / tante
            :name (s / siti))
      :ARG1 (k / kerja))"
337,"(t / tembak
      :ARG0 (p / peluru)
      :ARG1 (d / doni))"
338,"(r / rambut
      :ARG0 (n / nenek
            :name (k / krista))
      :ARG1 (p / putih))"
339,"(k1 / kata
      :ARG0 (k2 / kak
            :name (p / putri))
      :ARG1 (k3 / kasar))"
340,"(t / tabrak
      :ARG0 (m / mobil)
      :ARG1 (a / adik
            :name (k / kayla)))"
341,"(t / teriak
      :ARG0 (k / kami))"
342,"(t / timpa
      :ARG0 (p1 / pak
            :name (r / risman))
      :ARG1 (p2 / pohon))"
343,"(t / timpa
      :ARG0 (p1 / pak
            :name (r / risman))
      :ARG1 (p2 / pohon))"
344,"(b1 / baca
      :ARG0 (b2 / bu
            :name (a / angela))
      :ARG1 (n / naskah
            :mod (d / drama)))"
345,"(b1 / baca
      :ARG0 (b2 / bu
            :name (a / angela))
      :ARG1 (n / naskah
            :mod (d / drama)))"
346,"(b / bawa
      :ARG0 (i / ibu)
      :ARG1 (a / adik)
      :location (p / pasar))"
347,"(b / bawa
      :ARG0 (i / ibu)
      :ARG1 (a / adik)
      :location (p / pasar))"
348,"(g / gelar
      :ARG0 (b / budhe
            :name (t1 / tiwi))
      :ARG1 (t2 / tikar))"
349,"(g / gelar
      :ARG0 (b / budhe
            :name (t1 / tiwi))
      :ARG1 (t2 / tikar))"
350,"(b / bawa
      :ARG0 (p / pak
            :name (a / ahmad))
      :ARG1 (m / makan))"
351,"(b / bawa
      :ARG0 (p / pak
            :name (a / ahmad))
      :ARG1 (m / makan))"
352,"(h / hadir
      :ARG0 (k / kakak
            :name (d / dina))
      :ARG1 (p / pesta
            :mod (n / nikah)))"
353,"(h / hadir
      :ARG0 (k / kakak
            :name (d / dina))
      :ARG1 (p / pesta
            :mod (n / nikah)))"
354,"(j / jahit
      :ARG0 (i / ibu
            :name (f / fio))
      :ARG1 (b / baju))"
355,"(j / jahit
      :ARG0 (i / ibu
            :name (f / fio))
      :ARG1 (b / baju))"
356,"(b1 / baik
      :ARG0 (o / om
            :name (b2 / bagus))
      :ARG1 (m / motor))"
357,"(b1 / baik
      :ARG0 (o / om
            :name (b2 / bagus))
      :ARG1 (m / motor))"
358,"(s1 / sumbang
      :ARG0 (p / pak
            :name (r / ridwan))
      :ARG1 (s2 / semen))"
359,"(s1 / sumbang
      :ARG0 (p / pak
            :name (r / ridwan))
      :ARG1 (s2 / semen))"
360,"(b3 / benam
      :ARG0 (b1 / bu
            :name (b2 / bowo))
      :ARG1 (t / tikus)
      :location (s / sawah))"
361,"(b3 / benam
      :ARG0 (b1 / bu
            :name (b2 / bowo))
      :ARG1 (t / tikus)
      :location (s / sawah))"
362,"(n / nyanyi
      :ARG0 (a / afgan)
      :ARG1 (l / lagu
            :mod (s / sendu)))"
363,"(n / nyanyi
      :ARG0 (a / afgan)
      :ARG1 (l / lagu
            :mod (s / sendu)))"
364,"(s / simpan
      :ARG0 (i / ibu
            :name (t / tina))
      :ARG1 (w / wasiat))"
365,"(s / simpan
      :ARG0 (i / ibu
            :name (t / tina))
      :ARG1 (w / wasiat))"
366,"(k / kunci
      :ARG0 (a / ayah)
      :ARG1 (p / pintu))"
367,"(k / kunci
      :ARG0 (a / ayah)
      :ARG1 (p / pintu))"
368,"(r / rawat
      :ARG0 (a / adik)
      :ARG1 (k / kucing))"
369,"(r / rawat
      :ARG0 (a / adik)
      :ARG1 (k / kucing))"
370,"(j / jaga
      :ARG0 (t / tni)
      :ARG1 (b / bhineka))"
371,"(j / jaga
      :ARG0 (t / tni)
      :ARG1 (b / bhinneka))"
372,"(t / tuntut
      :ARG0 (b / buruh)
      :ARG1 (g / gaji))"
373,"(t / tuntut
      :ARG0 (b / buruh)
      :ARG1 (g / gaji))"
374,"(s / suka
      :ARG0 (p / pak
            :name (b2 / bagus))
      :ARG1 (b1 / bu
            :name (a / ani)))"
375,"(s / suka
      :ARG0 (p / pak
            :name (b2 / bagus))
      :ARG1 (b1 / bu
            :name (a / ani)))"
376,"(b / buang
      :ARG0 (p / paman)
      :ARG1 (s / sampah))"
377,"(b / buang
      :ARG0 (p / paman)
      :ARG1 (s / sampah))"
378,"(m / marah
      :ARG0 (y / yanto)
      :ARG1 (t / tugas))"
379,"(m / marah
      :ARG0 (y / yanto)
      :ARG1 (t / tugas))"
380,"(t / tuang
      :ARG0 (i / ibu
            :name (r / rina))
      :ARG1 (a / air))"
381,"(t / tuang
      :ARG0 (i / ibu
            :name (r / rina))
      :ARG1 (a / air))"
382,"(u / usir
      :ARG0 (j / jajah)
      :ARG1 (p / pribumi))"
383,"(u / usir
      :ARG0 (j / jajah)
      :ARG1 (p / pribumi))"
384,"(b1 / benci
      :ARG0 (k / kami)
      :ARG1 (b2 / bohong))"
385,"(b1 / benci
      :ARG0 (k / kami)
      :ARG1 (b2 / bohong))"
386,"(p / peluk
      :ARG0 (m / mereka))"
387,"(s / salam
      :ARG0 (k / kami))"
388,"(t / timpa
      :ARG0 (p / pohon)
      :ARG1 (m / mas
            :name (r / rio)))"
389,"(t / timpa
      :ARG0 (p / pohon)
      :ARG1 (m / mas
            :name (r / rio)))"
390,"(t / tembak
      :ARG0 (d / duta
            :mod (b / besar))
      :ARG1 (p / peluru))"
391,"(p1 / potret
      :ARG0 (t / turis)
      :ARG1 (p2 / pawai))"
392,"(p1 / potret
      :ARG0 (t / turis)
      :ARG1 (p2 / pawai))"
393,"(k / kirim
      :ARG0 (a / aku)
      :ARG1 (p / pesan
            :location (b / beli)))"
394,"(k / kirim
      :ARG0 (a / aku)
      :ARG1 (p / pesan
            :location (b / beli)))"
395,"(a / ajar
      :ARG0 (b / bu
            :name (h / hana))
      :ARG1 (s / statistik)
      :mod (m / mahasiswa))"
396,"(a / ajar
      :ARG0 (b / bu
            :name (h / hana))
      :ARG1 (s / statistik)
      :mod (m / mahasiswa))"
397,"(b1 / beli
      :ARG0 (k / kami)
      :ARG1 (b2 / buku)
      :location (t / toko
            :name (g / gramedia)))"
398,"(b1 / beli
      :ARG0 (k / kami)
      :ARG1 (b2 / buku)
      :location (t / toko
            :name (g / gramedia)))"
399,"(j1 / jatuh
      :ARG0 (a / ayah)
      :location (s / simpang
            :mod (j2 / jalan)))"
400,"(t / tinggal
      :ARG0 (k / kakak
            :name (j / judi))
      :ARG1 (p / pacar))"
401,"(p1 / pidato
      :ARG0 (p2 / pak
            :name (c / camat))
      :location (p3 / podium))"
402,"(p / pimpin
      :ARG0 (u1 / ulama
            :name (a / abdul))
      :ARG1 (u2 / umat))"
403,"(p / pimpin
      :ARG0 (u1 / ulama
            :name (a / abdul))
      :ARG1 (u2 / umat))"
404,"(b / beli
      :ARG0 (i / ibu)
      :ARG1 (s / sayur)
      :location (w / warung))"
405,"(b / beli
      :ARG0 (i / ibu)
      :ARG1 (s / sayur)
      :location (w / warung))"
406,"(t1 / tanam
      :ARG0 (k / kak
            :name (m / mira))
      :ARG1 (t2 / tanam)
      :mod (o / obat))"
407,"(t1 / tanam
      :ARG0 (k / kak
            :name (m / mira))
      :ARG1 (t2 / tanam)
      :mod (o / obat))"
408,"(d / datang
      :ARG0 (k / kami)
      :location (y / yogyakarta))"
409,"(o / olahraga
      :ARG0 (k / kami))"
410,"(s / sampai
      :ARG0 (m / mahasiswa)
      :ARG1 (o / orasi)
      :location (t / tengah
            :mod (j / jalan)))"
411,"(s / sampai
      :ARG0 (m / mahasiswa)
      :ARG1 (o / orasi)
      :location (t / tengah
            :mod (j / jalan)))"
412,"(b / berangkat
      :ARG0 (a / adik)
      :location (s / sekolah))"
413,"(b / buka
      :ARG0 (m / mas
            :name (l / linton))
      :ARG1 (k / kaleng)
      :mod (r / roti))"
414,"(b / buka
      :ARG0 (m / mas
            :name (l / linton))
      :ARG1 (k / kaleng)
      :mod (r / roti))"
415,"(b / belanja
      :ARG0 (i / ibu))"
416,"(u / umum
      :ARG0 (k / kepala
            :mod (s / sekolah))
      :ARG1 (n / nilai))"
417,"(u / umum
      :ARG0 (k / kepala
            :mod (s / sekolah))
      :ARG1 (n / nilai))"
418,"(d / dukung
      :ARG0 (r / rakyat)
      :ARG1 (p / perintah))"
419,"(d / dukung
      :ARG0 (r / rakyat)
      :ARG1 (p / perintah))"
420,"(p3 / pukul
      :ARG0 (p1 / pak
            :name (j / joko))
      :ARG1 (c / curi)
      :location (r / rumah))"
421,"(p3 / pukul
      :ARG0 (p1 / pak
            :name (j / joko))
      :ARG1 (c / curi)
      :location (r / rumah))"
422,"(b / buka
      :ARG0 (s / saya)
      :ARG1 (k / kaleng
            :mod (r / roti)))"
423,"(b / buka
      :ARG0 (s / saya)
      :ARG1 (k / kaleng
            :mod (r / roti)))"
424,"(b / belanja
      :ARG0 (s / saya))"
425,"(u / umum
      :ARG0 (d / direktur)
      :ARG1 (n / nilai))"
426,"(d / dukung
      :ARG0 (b / bu
            :name (s / susi))
      :ARG1 (p / perintah))"
427,"(d / dukung
      :ARG0 (b / bu
            :name (s / susi))
      :ARG1 (p / perintah))"
428,"(p / pukul
      :ARG0 (a / ayah)
      :ARG1 (c / curi)
      :location (r / rumah))"
429,"(p / pukul
      :ARG0 (a / ayah)
      :ARG1 (c / curi)
      :location (r / rumah))"
430,"(t / tentu
      :ARG0 (c / cpu)
      :ARG1 (m / menang))"
431,"(t / tentu
      :ARG0 (c / cpu)
      :ARG1 (m / menang))"
432,"(b / beri
      :ARG0 (p / pak
            :name (d / dwi))
      :ARG1 (h / hadiah
            :ARG1 (m / menang)))"
433,"(b / beri
      :ARG0 (p / pak
            :name (d / dwi))
      :ARG1 (h / hadiah
            :ARG1 (m / menang)))"
434,"(p1 / pegang
      :ARG0 (s1 / saya)
      :ARG1 (a / adik
            :mod (p2 / perempuan)))"
435,"(p1 / pegang
      :ARG0 (s1 / saya)
      :ARG1 (a / adik
            :mod (p2 / perempuan)))"
436,"(b1 / bawa
      :ARG0 (b2 / bu
            :name (s2 / sakinah))
      :ARG1 (a2 / adik)
      :location (s1 / sekolah))"
437,"(p1 / pilih
      :ARG0 (a / anda)
      :ARG1 (p2 / pasang))"
438,"(r / raya
      :ARG0 (k / kami)
      :ARG1 (m / menang))"
439,"(r / raya
      :ARG0 (k / kami)
      :ARG1 (m / menang))"
440,"(a1 / aju
      :ARG0 (m / mas
            :name (a2 / anis))
      :ARG1 (k / keluh))"
441,"(g / gambar
      :ARG1 (d / deformasi))"
442,"(l / lukis
      :ARG0 (b / bu
            :name (o / okta))
      :ARG1 (w / wanita))"
443,"(l / lukis
      :ARG0 (b / bu
            :name (o / okta))
      :ARG1 (w / wanita))"
444,"(c / cetak
      :ARG0 (m / mas
            :name (b / budi))
      :ARG1 (k / kartu
            :mod (n / nama))
      :location (s / sampurna))"
445,"(c / cetak
      :ARG0 (m / mas
            :name (b / budi))
      :ARG1 (k / kartu
            :mod (n / nama))
      :location (s / sampurna))"
446,"(l / lompat
      :ARG0 (s / saudara))"
447,"(b / bela
      :ARG0 (p / pengacara)
      :ARG1 (d / dakwa)
      :location (a / adil))"
448,"(b / bela
      :ARG0 (p / pengacara)
      :ARG1 (d / dakwa)
      :location (a / adil))"
449,"(h1 / hukum
      :ARG0 (h2 / hakim))"
450,"(t / tuntut
      :ARG0 (j / jaksa)
      :ARG1 (s / sangka)
      :location (a / adil))"
451,"(t / tuntut
      :ARG0 (j / jaksa)
      :ARG1 (s / sangka)
      :location (a / adil))"
452,"(t / terima
      :ARG0 (m / mereka)
      :ARG1 (k / kalah))"
453,"(j / jual
      :ARG0 (a / adik
            :name (z / zahra))
      :ARG1 (k / kue))"
454,"(j / jual
      :ARG0 (a / adik
            :name (z / zahra))
      :ARG1 (k / kue))"
455,"(b / beri
      :ARG0 (i / ibu)
      :ARG1 (m / makan))"
456,"(b / beri
      :ARG0 (i / ibu)
      :ARG1 (m / makan))"
457,"(d1 / dapat
      :ARG0 (s / suster
            :name (d2 / diana))
      :ARG1 (u / uang))"
458,"(d1 / dapat
      :ARG0 (s / suster
            :name (d2 / diana))
      :ARG1 (u / uang))"
459,"(h / habis
      :ARG0 (a / anda)
      :ARG1 (u / uang))"
460,"(h / habis
      :ARG0 (a / anda)
      :ARG1 (u / uang))"
461,"(b / bakar
      :ARG0 (r / rumun
            :mod (o / orang))
      :ARG1 (m / mobil)
      :location (j / jalan))"
462,"(b / bakar
      :ARG0 (r / rumun
            :mod (o / orang))
      :ARG1 (m / mobil)
      :location (j / jalan))"
463,"(t / tangkap
      :ARG0 (w / warga)
      :ARG1 (b / babi)
      :location (h / hutan))"
464,"(c / cerita
      :ARG0 (b / bu
            :name (z1 / zee
                  :name (z2 / zee)))
      :ARG1 (k / kisah
            :mod (t / tragis)))"
465,"(c / cerita
      :ARG0 (b / bu
            :name (z1 / zee
                  :name (z2 / zee)))
      :ARG1 (k / kisah
            :mod (t / tragis)))"
466,"(t / tangkap
      :ARG0 (p1 / para
            :mod (j / jaga))
      :ARG1 (c / curi))"
467,"(t / tangkap
      :ARG0 (p1 / para
            :mod (j / jaga))
      :ARG1 (c / curi))"
468,"(s1 / seka
      :ARG0 (s2 / saya)
      :ARG1 (l / lantai))"
469,"(s1 / seka
      :ARG0 (s2 / saya)
      :ARG1 (l / lantai))"
470,"(p / pelihara
      :ARG0 (t / tentara)
      :ARG1 (d / damai)
      :location (i / Indonesia))"
471,"(p / pelihara
      :ARG0 (t / tentara)
      :ARG1 (d / damai)
      :location (i / Indonesia))"
472,"(c / cari
      :ARG0 (s / saya)
      :ARG1 (n / nafkah))"
473,"(c / cari
      :ARG0 (s / saya)
      :ARG1 (n / nafkah))"
474,"(t / tanam
      :ARG0 (p1 / pak
            :name (o / ogah))
      :ARG1 (p2 / padi))"
475,"(t / tanam
      :ARG0 (p1 / pak
            :name (o / ogah))
      :ARG1 (p2 / padi))"
476,"(b / beli
      :ARG0 (k / kontraktor)
      :ARG1 (t / tanam))"
477,"(b / beli
      :ARG0 (k / kontraktor)
      :ARG1 (t / tanam))"
478,"(p1 / peras
      :ARG0 (a / antara)
      :ARG1 (t / tani))"
479,"(p1 / peras
      :ARG0 (a / antara)
      :ARG1 (t / tani))"
480,"(t1 / tonton
      :ARG0 (d1 / dik
            :name (d2 / dilan))
      :ARG1 (k / kartun)
      :location (t2 / tv))"
481,"(t1 / tonton
      :ARG0 (d1 / dik
            :name (d2 / dilan))
      :ARG1 (k / kartun)
      :location (t2 / tv))"
482,"(t / tuang
      :ARG0 (i / ibu
            :name (s / salsa))
      :ARG1 (a / air))"
483,"(t / tuang
      :ARG0 (i / ibu
            :name (s / salsa))
      :ARG1 (a / air))"
484,"(l / lipat
      :ARG0 (i / ibu)
      :ARG1 (p / pakai))"
485,"(l / lipat
      :ARG0 (i / ibu)
      :ARG1 (p / pakai))"
486,"(l / liput
      :ARG0 (w / wartawan)
      :ARG1 (b / berita))"
487,"(l / liput
      :ARG0 (w / wartawan)
      :ARG1 (b / berita))"
488,"(k / kunyah
      :ARG0 (s / sister
            :name (a / asti))
      :ARG1 (p / permen))"
489,"(k / kunyah
      :ARG0 (s / sister
            :name (a / asti))
      :ARG1 (p / permen))"
490,"(k / kendara
      :ARG0 (a / ayah)
      :ARG1 (m / mobil))"
491,"(k / kendara
      :ARG0 (a / ayah)
      :ARG1 (m / mobil))"
492,"(b1 / buat
      :ARG0 (b2 / bu
            :name (p1 / prapto))
      :ARG1 (p2 / pupuk))"
493,"(b1 / buat
      :ARG0 (b2 / bu
            :name (p1 / prapto))
      :ARG1 (p2 / pupuk))"
494,"(l / ledak
      :ARG0 (p1 / pak
            :name (a / adi))
      :ARG1 (p2 / pipa)
      :location (h / halaman))"
495,"(l / ledak
      :ARG0 (p1 / pak
            :name (a / adi))
      :ARG1 (p2 / pipa)
      :location (h / halaman))"
496,"(t / tanam
      :ARG0 (k1 / krishna)
      :ARG1 (k2 / kedelai)
      :location (k3 / kebun))"
497,"(t / tanam
      :ARG0 (k1 / krishna)
      :ARG1 (k2 / kedelai)
      :location (k3 / kebun))"
498,"(c / cuci
      :ARG0 (m1 / mbak
            :name (r / rina))
      :location (k / kamar
            :mod (m2 / mandi)))"
499,"(t1 / tunggu
      :ARG0 (n / nenek)
      :ARG1 (k / kakek)
      :location (t2 / teras))"
500,"(t1 / tunggu
      :ARG0 (n / nenek)
      :ARG1 (k / kakek)
      :location (t2 / teras))"
501,"(b / bersih
      :ARG0 (a / anda)
      :ARG1 (d / dapur))"
502,"(b / bersih
      :ARG0 (a / anda)
      :ARG1 (d / dapur))"
503,"(s1 / seberang
      :ARG0 (m / mas
            :name (d / dudi))
      :ARG1 (s2 / sungai))"
504,"(s1 / seberang
      :ARG0 (m / mas
            :name (d / dudi))
      :ARG1 (s2 / sungai))"
505,"(c / cari
      :ARG0 (i / ia)
      :ARG1 (u / uang))"
506,"(c / cari
      :ARG0 (i / ia)
      :ARG1 (u / uang))"
507,"(m / main
      :ARG0 (k / kak
            :name (i / intan))
      :ARG1 (b / bola))"
508,"(m / main
      :ARG0 (k / kak
            :name (i / intan))
      :ARG1 (b / bola))"
509,"(a / ajar
      :ARG0 (r / rudi)
      :ARG1 (b / bahasa))"
510,"(p / pancing
      :ARG0 (s / saskia)
      :ARG1 (i / ikan))"
511,"(p / pancing
      :ARG0 (s / saskia)
      :ARG1 (i / ikan))"
512,"(g / gambar
      :ARG0 (m / mbak
            :name (h / hana))
      :ARG1 (k / kartun))"
513,"(b / berangkat
      :ARG0 (a / akmal)
      :location (s / sekolah))"
514,"(t1 / tempel
      :ARG0 (l / lisa)
      :ARG1 (f / foto
            :mod (k / keluarga))
      :location (r / ruang
            :mod (t2 / tamu)))"
515,"(t / tangis
      :ARG0 (a / adik))"
516,"(p / pingsan
      :ARG0 (i / ibu))"
517,"(k / kunjung
      :ARG0 (p1 / presiden
            :name (j / joko))
      :location (p2 / papua))"
518,"(n / naik
      :ARG0 (s / semua
            :mod (m / menang))
      :location (p / podium))"
519,"(t / tidur
      :ARG0 (p / paman)
      :location (l / lantai))"
520,"(b / beli
      :ARG0 (a / aku)
      :ARG1 (s / sayur)
      :location (p / pasar))"
521,"(l / lari
      :ARG0 (k / kami))"
522,"(b1 / baik
      :ARG0 (b2 / bagus)
      :ARG1 (l / laptop))"
523,"(b / bunuh
      :ARG0 (t / toni)
      :ARG1 (c / cicak)
      :mod (g / guna
            :mod (s / sapu)))"
524,"(b / bunuh
      :ARG0 (t / toni)
      :ARG1 (c / cicak)
      :mod (g / guna
            :mod (s / sapu)))"
525,"(d / demo
      :ARG0 (w / warga)
      :ARG1 (l / lurah
            :mod (b / baru)))"
526,"(d / demo
      :ARG0 (w / warga)
      :ARG1 (l / lurah
            :mod (b / baru)))"
527,"(n / nikmat
      :ARG0 (p1 / para
            :mod (t / tamu
                  :mod (u / undang)))
      :ARG1 (s / saji
            :mod (p2 / pesta)))"
528,"(n / nikmat
      :ARG0 (p1 / para
            :mod (t / tamu
                  :mod (u / undang)))
      :ARG1 (s / saji
            :mod (p2 / pesta)))"
529,"(b / buat
      :ARG0 (a1 / aku)
      :ARG1 (a2 / artikel
            :mod (s / sehat
                  :mod (m / mata))))"
530,"(u1 / umum
      :ARG0 (b / bu
            :name (n / name))
      :ARG1 (h / hasil
            :mod (u2 / ulang
                  :mod (m / matematika)))
      :mod (p / para
            :mod (s / siswa)))"
531,"(u1 / umum
      :ARG0 (b / bu
            :name (n / name))
      :ARG1 (h / hasil
            :mod (u2 / ulang
                  :mod (m / matematika)))
      :mod (p / para
            :mod (s / siswa)))"
532,"(b1 / buat
      :ARG0 (i1 / ibu)
      :ARG1 (b2 / bubur
            :mod (k / kacang
                  :mod (i2 / ijo))))"
533,"(b1 / buat
      :ARG0 (i1 / ibu)
      :ARG1 (b2 / bubur
            :mod (k / kacang
                  :mod (i2 / ijo))))"
534,"(b / bantu
      :ARG0 (w / warga)
      :ARG1 (a / acara
            :mod (n / nikah
                  :mod (p1 / putri
                        :mod (p2 / presiden
                              :name (j / jokowi))))))"
535,"(b / bantu
      :ARG0 (w / warga)
      :ARG1 (a / acara
            :mod (n / nikah
                  :mod (p1 / putri
                        :mod (p2 / presiden
                              :name (j / jokowi))))))"
536,"(c / cuci
      :ARG0 (a / aku)
      :ARG1 (p / pakai
            :mod (k1 / kotor))
      :location (k2 / kamar
            :mod (m / mandi)))"
537,"(c / cuci
      :ARG0 (a / aku)
      :ARG1 (p / pakai
            :mod (k1 / kotor))
      :location (k2 / kamar
            :mod (m / mandi)))"
538,"(b / bakar
      :ARG0 (p1 / pak
            :name (a / amat))
      :ARG1 (s1 / sampah
            :mod (k / kering))
      :location (p2 / pinggir
            :mod (s2 / sungai)))"
539,"(b / bakar
      :ARG0 (p1 / pak
            :name (a / amat))
      :ARG1 (s1 / sampah
            :mod (k / kering))
      :location (p2 / pinggir
            :mod (s2 / sungai)))"
540,"(d / daya
      :ARG0 (k / kelompok
            :mod (t / tani))
      :ARG1 (s / sampah
            :mod (p / plastik)))"
541,"(b1 / beri
      :ARG0 (p / perintah)
      :ARG1 (b2 / bantu
            :mod (l / langsung
                  :mod (t / tunai))))"
542,"(b1 / beri
      :ARG0 (p / perintah)
      :ARG1 (b2 / bantu
            :mod (l / langsung
                  :mod (t / tunai))))"
543,"(m / main
      :ARG0 (b / bu
            :name (r / rita))
      :ARG1 (p / piano))"
544,"(m / main
      :ARG0 (b / bu
            :name (r / rita))
      :ARG1 (p / piano))"
545,"(t / teriak
      :ARG0 (d / demo))"
546,"(l / lari
      :ARG0 (u / ungsi))"
547,"(t / tidur
      :ARG0 (k / kakek
            :name (y / yusuf)))"
548,"(t / tanam
      :ARG0 (s / suster
            :name (m1 / mira))
      :ARG1 (b / bunga
            :mod (m2 / mawar)))"
549,"(d1 / datang
      :ARG0 (d2 / dia)
      :location (j / jogyakarta))"
550,"(b / berangkat
      :ARG0 (a / andi)
      :ARG1 (l / latih
            :mod (k / karate)))"
551,"(o / olahraga
      :ARG0 (m / mereka))"
552,"(b / benam
      :ARG0 (m / matahari
            :time (s / senja
                  :mod (h / hari))))"
553,"(c / cari
      :ARG0 (k / kelelawar)
      :ARG1 (m1 / makan)
      :time (m2 / malam
            :mod (h / hari)))"
554,"(c / cari
      :ARG0 (k / kelelawar)
      :ARG1 (m1 / makan)
      :time (m2 / malam
            :mod (h / hari)))"
555,"(d / dengar
      :ARG1 (s / suara
            :mod (a / ayam
                  :mod (j / jantan)))
      :time (f / fajar))"
556,"(p / pulang
      :ARG0 (m / murid)
      :location (s / sekolah)
      :time (h / hari
            :mod (i / ini)))"
557,"(s1 / selenggara
      :ARG1 (u / upacara
            :mod (i / ingat
                  :mod (h / hari
                        :mod (s2 / sakti
                              :mod (p / pancasila)))))
      :time (t / tanggal
            :mod (s3 / satu
                  :mod (o / oktober))))"
558,"(b1 / berangkat
      :ARG0 (b2 / budi
            :location (s / sekolah
                  :time (p / pukul
                        :mod (t / tujuh)))))"
559,"(t1 / turun
      :ARG1 (h1 / hujan)
      :time (k / kemarin
            :mod (s / sore)))"
560,"(l / langsung
      :ARG1 (m / musim
            :mod (h / hujan))
      :time (s / sejak
            :mod (b / bulan)
            :mod (o / oktober)))"
561,"(d / dengar
      :ARG0 (b / bayi)
      :time (s / sejak
            :mod (l / lahir)))"
562,"(p / pindah
      :ARG0 (t / tante
            :name (i / indri))
      :location (b / bandung)
      :time (s / setelah
            :mod (n / nikah)))"
563,"(m1 / minum
      :ARG0 (b / bu
            :name (s1 / susi))
      :ARG1 (o / obat)
      :time (s2 / setelah
            :mod (m2 / makan)))"
564,"(m1 / minum
      :ARG0 (b / bu
            :name (s1 / susi))
      :ARG1 (o / obat)
      :time (s2 / setelah
            :mod (m2 / makan)))"
565,"(l / laksana
      :ARG1 (u / upacara
            :mod (b / bendera))
      :time (h / hari
            :mod (s / senin)))"
566,"(h / hidup
      :ARG0 (d / dinosaurus)
      :location (b / bumi)
      :time (j / juta
            :mod (t / tahun
                  :mod (l / lalu))))"
567,"(r1 / rawat
      :ARG0 (p / paman
            :name (g / gober))
      :location (r2 / rumah
            :mod (s / sakit))
      :time (k / kemarin))"
568,"(p1 / pergi
      :ARG0 (i1 / ibu
            :name (j / joko))
      :location (p2 / pasar)
      :time (s / sore
            :mod (i2 / ini)))"
569,"(p / pecah
      :ARG0 (a1 / anak
            :mod (a2 / ayam))
      :ARG1 (c / cangkang
            :mod (t1 / telur))
      :time (t2 / tadi))"
570,"(p / pecah
      :ARG0 (a1 / anak
            :mod (a2 / ayam))
      :ARG1 (c / cangkang
            :mod (t1 / telur))
      :time (t2 / tadi))"
571,"(m / masuk
      :ARG0 (b / bu
            :name (t2 / tina))
      :ARG1 (s1 / sekolah)
      :time (s2 / senin
            :mod (l / lalu)))"
572,"(t / tumbuh
      :ARG0 (j / jamur)
      :time (m / musim
            :mod (h / hujan)))"
573,"(b / bahas
      :ARG1 (h / hal)
      :time (s / saat
            :mod (r / rapat
                  :mod (n / nanti))))"
574,"(m / mulai
      :ARG1 (u / upacara
            :mod (d / detik
                  :mod (p1 / proklamasi)))
      :time (j / jam
            :mod (s / sepuluh
                  :mod (p2 / pagi))))"
575,"(p / proklamir
      :ARG1 (m / merdeka
            :mod (i1 / indonesia))
      :time (h / hari
            :mod (i2 / ini)))"
576,"(j / jadi
      :ARG1 (b / berontak)
      :time (t / tahun
            :mod (l / lalu)))"
577,"(l / luap
      :ARG1 (a / air
            :mod (s / sungai
                  :name (b / bengawan)))
      :time (k / kemarin))"
578,"(j / janji
      :ARG0 (d / dia)
      :ARG1 (t / tingkat
            :ARG1 (m1 / makmur
                  :mod (m2 / masyarakat))))"
579,"(r / rasa
      :ARG1 (u / udara)
      :mod (p1 / panas)
      :time (p2 / pagi
            :mod (i / ini)))"
580,"(l / lewat
      :ARG0 (b / bu
            :name (n / nisa))
      :location (s / sini))"
581,"(r / rasa
      :ARG0 (p / pak
            :name (h1 / harry))
      :ARG1 (b / bahagia)
      :time (h2 / hari
            :mod (w / wisuda
                  :mod (a / anak))))"
582,"(b / berangkat
      :ARG0 (p / profesor
            :name (a / amri))
      :location (s / solo)
      :time (t / tiga
            :mod (h / hari
                  :mod (l / lalu))))"
583,"(l / laksana
      :ARG1 (s / senam)
      :time (h / hari
            :mod (m / minggu)))"
584,"(l / lihat
      :ARG0 (d / dia)
      :ARG1 (b / buku
            :mod (i / ini)))"
585,"(l / lihat
      :ARG0 (d / dia)
      :ARG1 (b / buku
            :mod (i / ini)))"
586,"(s / sedih
      :ARG0 (p / pak
            :name (j / joko)))"
587,"(i1 / ingat
      :ARG0 (b / bu
            :name (s / susi))
      :ARG1 (k / kejadian
            :mod (i2 / itu)))"
588,"(i1 / ingat
      :ARG0 (b / bu
            :name (s / susi))
      :ARG1 (k / kejadian
            :mod (i2 / itu)))"
589,"(p1 / pindah
      :ARG1 (m / masak)
      :location (p2 / piring
            :mod (s / saji)))"
590,"(m1 / mulai
      :ARG1 (a / acara
            :mod (s / seminar))
      :time (t / tiga
            :mod (p / puluh
                  :mod (m2 / menit
                        :mod (l / lagi)))))"
591,"(t / tunggu
      :ARG0 (k / kami)
      :location (s3 / stasiun)
      :time (s1 / sejak
            :mod (s2 / satu
                  :mod (j / jam
                        :mod (l / lalu)))))"
592,"(d / dengar
      :ARG0 (o / om
            :name (t / tanto))
      :ARG1 (k / kabar)
      :time (h / hari
            :mod (i / ini)))"
593,"(d / dengar
      :ARG0 (o / om
            :name (t / tanto))
      :ARG1 (k / kabar)
      :time (h / hari
            :mod (i / ini)))"
594,"(b / bisa
      :ARG0 (d1 / dia)
      :ARG1 (d2 / datang)
      :time (s / sore
            :mod (i / ini)))"
595,"(r / resmi
      :ARG1 (p1 / pameran
            :mod (d1 / dirgantara))
      :time (p2 / pekan
            :mod (d2 / depan)))"
596,"(k1 / kuliah
      :ARG0 (k2 / kakak)
      :location (b / bandung)
      :time (t / tahun
            :mod (d / depan)))"
597,"(t1 / tutup
      :ARG1 (t2 / toko
            :mod (b / buku))
      :time (s / sembilan
            :mod (m / malam)))"
598,"(m / mampir
      :ARG0 (s1 / saya)
      :location (s2 / sana)
      :time (h / hari
            :mod (i / ini)))"
599,"(l / latihan
      :ARG0 (k / kami)
      :ARG1 (m / musik)
      :time (s1 / sabtu
            :mod (s2 / sore)))"
600,"(t / temu
      :ARG0 (s / saya)
      :ARG1 (p / pak
            :name (a / andi))
      :time (b / besok))"
601,"(l / laksana
      :ARG1 (b / baik
            :mod (j / jalan))
      :time (d1 / dalam
            :mod (w / waktu
                  :mod (d2 / dekat))))"
602,"(m / mulai
      :ARG1 (a / atur)
      :mod (l / laku)
      :time (s1 / sejak
            :mod (s2 / sah)))"
603,"(p1 / pakai
      :ARG0 (a / ani)
      :ARG1 (p2 / pakai
            :mod (o / olahraga))
      :time (h / hari
            :mod (i / ini)))"
604,"(p / pergi
      :ARG0 (t / tante
            :name (d / dyah))
      :ARG1 (l / libur)
      :location (b1 / bali)
      :time (b2 / besok))"
605,"(d / datang
      :ARG1 (b1 / bencana
            :mod (b2 / banjir))
      :time (m / musim
            :mod (h / hujan)))"
606,"(b / berangkat
      :ARG0 (k / kita))"
607,"(m1 / mulai
      :ARG1 (a / acara
            :mod (d / diskusi))
      :time (s / sembilan
            :mod (m2 / malam)))"
608,"(g1 / gosok
      :ARG0 (d / dokter
            :name (r / rina))
      :ARG1 (g2 / gigi)
      :time (m / malam
            :mod (s1 / setiap
                  :mod (b / belum
                        :mod (t / tidur)))))"
609,"(k1 / kering
      :ARG1 (s / sungai)
      :time (m / musim
            :mod (k2 / kemarau)))"
610,"(i / ingat
      :ARG1 (h / hari
            :mod (p / pahlawan))
      :time (s / sepuluh
            :mod (n / november)))"
611,"(j / janji
      :ARG0 (d1 / dia)
      :ARG1 (d2 / datang)
      :location (s / sini)
      :time (t / tadi))"
612,"(d / datang
      :ARG0 (p / paman)
      :location (r / rumah)
      :time (e / esok
            :mod (l / lusa)))"
613,"(a1 / ada
      :ARG1 (a2 / aksi
            :mod (b / besar))
      :time (k / kemarin))"
614,"(h / hadir
      :ARG0 (d / dia)
      :ARG1 (r / resmi
            :location (l / lapang))
      :time (b / besok))"
615,"(s / siap
      :ARG0 (i / ibu)
      :ARG1 (a / alat
            :mod (d / dapur))
      :time (b / besok))"
616,"(s / siap
      :ARG0 (i / ibu)
      :ARG1 (a / alat
            :mod (d / dapur))
      :time (b / besok))"
617,"(b / berangkat
      :ARG0 (k1 / kami
            :mod (k2 / keluarga))
      :location (p / padang)
      :time (n / nanti
            :mod (m / malam)))"
618,"(b1 / belanja
      :ARG0 (a / ayah)
      :ARG1 (b2 / bahan
            :mod (m / makan))
      :location (t / toko
            :mod (s1 / surya))
      :time (s2 / siang
            :mod (i / ini)))"
619,"(b / bawa
      :ARG0 (k1 / kakek)
      :ARG1 (k2 / kopi)
      :location (k3 / kampung)
      :time (s / siang
            :mod (i / ini)))"
620,"(s / sarapan
      :ARG0 (k1 / kami)
      :ARG1 (r / roti
            :mod (k2 / keju))
      :time (p / pagi
            :mod (i / ini)))"
621,"(j / jalan
      :ARG1 (m / macet)
      :time (p / pagi
            :mod (i / ini)))"
622,"(g / guyur
      :ARG0 (h / hujan
            :mod (d / deras))
      :time (s / sejak
            :mod (p / pagi)))"
623,"(m1 / makan
      :ARG0 (p / pak
            :name (j / juli))
      :ARG1 (b / buah
            :mod (m2 / mangga)))"
624,"(l1 / lari
      :ARG0 (r / roni)
      :location (s / sekitar
            :mod (l2 / lapang)))"
625,"(p / pulang
      :ARG0 (a / ayah)
      :time (s / sore
            :mod (i / ini)))"
626,"(p1 / pergi
      :ARG0 (i / ibu)
      :location (p2 / pasar))"
627,"(p / pulang
      :ARG0 (b / bu
            :name (r / rina))
      :location (d / depok))"
628,"(d1 / duduk
      :ARG0 (p / pak
            :name (j / joko))
      :location (t / teras
            :mod (d2 / depan
                  :mod (r / rumah))))"
629,"(b1 / buka
      :ARG0 (b2 / bu
            :name (j / jean))
      :ARG1 (t / toko))"
630,"(m / minum
      :ARG0 (k1 / kakak
            :name (d / dini))
      :ARG1 (k2 / kopi)
      :location (k3 / kedai
            :mod (k4 / kopi)))"
631,"(n1 / nyanyi
      :ARG0 (b / bu
            :name (n2 / niki))
      :ARG1 (l / lagi
            :name (i / indonesia
                  :name (r / raya))))"
632,"(m / mati
      :ARG1 (a / ayam))"
633,"(s / sampai
      :ARG0 (a / ayah)
      :location (r / rumah)
      :time (m / malam
            :mod (i / ini)))"
634,"(t1 / tutup
      :ARG1 (t2 / toko
            :mod (r / roti))
      :time (h / hari
            :mod (m / minggu)))"
635,"(t1 / taruh
      :ARG0 (b / bu
            :name (d / dian))
      :ARG1 (t2 / tas)
      :location (m / meja))"
636,"(s1 / sakit
      :ARG0 (n / nenek
            :name (t1 / tuti))
      :ARG1 (k / kepala)
      :time (h / hari
            :mod (t2 / tiap)))"
637,"(h / hutang
      :ARG0 (k / kakak
            :name (b1 / budi))
      :ARG1 (b2 / buku
            :mod (s / satu
                  :mod (c / cerita))))"
638,"(m / makan
      :ARG0 (p / pak
            :name (d / dedi))
      :ARG1 (b / bekal)
      :location (k / kelas))"
639,"(d / dapat
      :ARG0 (s / sumur
            :mod (k1 / kering))
      :time (m / musim
            :mod (k2 / kemarau)))"
640,"(i / ingat
      :ARG0 (h / hari
            :mod (p / pahlawan))
      :time (t1 / tiap
            :mod (t2 / tanggal
                  :mod (s / sepuluh
                        :mod (n / november)))))"
641,"(j / janji
      :ARG0 (d1 / dinda)
      :ARG1 (d2 / datang
            :location (s / sini)
            :time (b / besok
                  :mod (p / pagi))))"
642,"(b1 / berangkat
      :ARG0 (k1 / kami
            :mod (k2 / keluarga))
      :location (l / lampung)
      :time (b2 / besok))"
643,"(j1 / jadi
      :ARG1 (c / celaka
            :mod (l1 / lalu
                  :mod (l2 / lintas)))
      :location (s1 / simpang
            :name (j2 / jonin))
      :time (p / pukul
            :mod (s2 / sembilan)))"
644,"(p1 / pergi
      :ARG0 (a / aku)
      :location (r / rumah
            :mod (p2 / paman))
      :time (s / sekarang))"
645,"(k / kata
      :ARG0 (i / ibu
            :name (n / nisa))
      :ARG1 (b / bisa
            :ARG1 (t / tidur)
            :time (m / malam)))"
646,"(l / laksana
      :ARG0 (k / kuliah)
      :time (b / besok
            :mod (j / jam
                  :mod (t / tiga))))"
647,"(b1 / buat
      :ARG0 (b2 / bibi)
      :ARG1 (j / janji
            :mod (r / rapat))
      :time (m / minggu
            :mod (d / depan)))"
648,"(m / main
      :ARG0 (a / anak)
      :location (t / tanah
            :mod (l / lapang)))"
649,"(d / diskusi
      :ARG0 (m / mahasiswa
            :mod (p / para))
      :location (r / ruang
            :mod (k / kelas))
      :time (s / siang
            :mod (t / tadi)))"
650,"(m1 / masak
      :ARG0 (i / ibu)
      :location (d / dapur)
      :time (m2 / malam))"
651,"(t1 / tidur
      :ARG0 (k / kucing)
      :location (t2 / teras
            :mod (b / beranda
                  :mod (r / rumah))))"
652,"(b / baca
      :ARG0 (d / dimas)
      :location (p / pustaka))"
653,"(m / menung
      :ARG0 (a / andra)
      :location (b / bangku
            :mod (t / taman)))"
654,"(c / ceramah
      :ARG0 (p1 / pak
            :name (j1 / jamal))
      :location (d / depan
            :ARG1 (j2 / jamaah
                  :mod (p2 / para))))"
655,"(t / tengger
      :ARG0 (b / burung)
      :location (a / atas
            :mod (d / dahan
                  :mod (p / pohon))))"
656,"(l / libur
      :ARG0 (k / keluarga
            :mod (p1 / pak
                  :name (b1 / broto)))
      :location (p2 / pulau
            :name (b2 / bali))
      :time (b3 / bulan
            :mod (d / depan)))"
657,"(w / wisata
      :ARG0 (s / siswa
            :mod (p / para))
      :location (y / yogyakarta)
      :time (b / bulan
            :mod (m / mei)))"
658,"(b / baik
      :ARG0 (a1 / ayah)
      :ARG1 (s / sepeda
            :mod (a2 / adik))
      :location (g / garasi)
      :time (k / kemarin))"
659,"(k1 / kerja
      :ARG0 (k2 / kakak)
      :ARG1 (t1 / tugas
            :mod (s / sekolah))
      :location (r / ruang
            :mod (t2 / tengah))
      :time (m / malam))"
660,"(p1 / pergi
      :ARG0 (k / kami)
      :location (p2 / pustaka)
      :time (s / sabtu
            :mod (l / lalu)))"
661,"(t / tidur
      :ARG0 (k / kelelawar)
      :time (s / siang
            :mod (h / hari)))"
662,"(p / panggang
      :ARG0 (i / ibu)
      :ARG1 (r / roti)
      :mod (o / oven))"
663,"(p1 / potong
      :ARG0 (b / bapak
            :name (s / siman))
      :ARG1 (r / rumput)
      :location (k / kebun)
      :time (p2 / pagi))"
664,"(p / pergi
      :ARG0 (i / ibu)
      :location (r / rumah
            :mod (s / sakit)))"
665,"(p / pergi
      :ARG0 (a / ayah)
      :location (b / bandara))"
666,"(s / siram
      :ARG0 (g / gani)
      :ARG1 (t / tanam))"
667,"(m / main
      :ARG0 (a / adik)
      :ARG1 (k / kelereng)
      :time (s / sore
            :mod (h / hari)))"
668,"(l1 / lari
      :ARG0 (a / andi)
      :location (l2 / lapangan
            :mod (b / bola)))"
669,"(s1 / sapu
      :ARG0 (s2 / sinta)
      :ARG1 (h / halaman
            :mod (r / rumah)))"
670,"(k / kerja
      :ARG0 (l / linta)
      :ARG1 (p1 / pr)
      :time (p2 / pukul
            :mod (t / tujuh
                  :mod (m / malam))))"
671,"(b / baca
      :ARG0 (a / agus)
      :ARG1 (k / koran)
      :location (d / depan
            :mod (r / rumah)))"
672,"(l1 / lari
      :ARG0 (i / intan)
      :location (l2 / lapangan
            :name (g / gerilya))
      :time (p / pukul
            :mod (e / enam)))"
673,"(r1 / renang
      :ARG0 (a / adik)
      :location (k / kolam
            :mod (r2 / renang)))"
674,"(a / ajar
      :ARG0 (d / diki)
      :ARG1 (b1 / baca
            :mod (b2 / buku))
      :time (s / setiap
            :mod (h / hari)))"
675,"(m / masak
      :ARG0 (i / ibu)
      :ARG1 (n / nasi)
      :location (d / dapur)
      :time (s / setiap
            :mod (h / hari)))"
676,"(c / cangkul
      :ARG0 (a / ayah)
      :location (k / kebun))"
677,"(n / naik
      :ARG0 (a / andi)
      :ARG1 (h / helikopter)
      :time (m / minggu
            :mod (l / lalu)))"
678,"(j / juara
      :ARG0 (a / aku)
      :ARG1 (l / lomba
            :mod (b / baca
                  :ARG1 (q / quran)))
      :mod (p / pertama)
      :time (k / kemarin))"
679,"(j / jadi
      :ARG0 (h / hendra)
      :ARG1 (a / alumni
            :mod (l / lulusan
                  :mod (b / baik)))
      :location (u / universitas
            :mod (i / islam
                  :location (m / malang)))
      :time (t / tahun
            :mod (vv1 / 2013)))"
680,"(d / dagang
      :ARG0 (a / ayah)
      :ARG1 (s / siomay))"
681,"(j1 / jual
      :ARG0 (a / adi)
      :ARG1 (k1 / kayu)
      :location (k2 / kota
            :name (j2 / jakarta))
      :time (p / panjang
            :mod (t / tahun)))"
682,"(l / lihat
      :ARG0 (h1 / huni)
      :ARG1 (i / indah)
      :time (h2 / hari))"
683,"(b / buat
      :ARG0 (h / hujan
            :mod (l / lebat))
      :ARG1 (g / ganggu
            :ARG1 (s / sinyal
                  :mod (i / internet))))"
684,"(r / rupa
      :ARG0 (h / hari)
      :ARG1 (p / padam
            :ARG1 (l / listrik)
            :mod (g / gilir))
      :time h)"
685,"(w / warna
      :ARG0 (m1 / mobil
            :mod (m2 / mewah))
      :ARG1 (m3 / merah))"
686,"(a1 / ada
      :ARG0 (m1 / majalah)
      :location (a2 / atas
            :mod (m2 / meja
                  :mod (a3 / ajar))))"
687,"(l / lolos
      :ARG0 (a / ani)
      :ARG1 (i / ikut
            :ARG1 (u1 / uji
                  :mod (k1 / keluar
                        :ARG0 (u2 / usaha))))
      :time (k2 / kemarin))"
688,"(s / sertifikat
      :ARG0 (r / rumah)
      :mod (a / atas
            :mod (n / nama
                  :name (h / herlinda))))"
689,"(a / ada
      :ARG0 (o / orang)
      :location (l / luar
            :mod (r / rumah))
      :time (d / dari
            :mod (t / tadi)))"
690,"(t1 / tingal
      :ARG0 (n / nenek)
      :time (t2 / tadi
            :mod (p1 / pagi
                  :mod (p2 / pukul
                        :mod (e / enam)))))"
691,"(p / pergi
      :ARG0 (d / diana)
      :location (s1 / sekolah)
      :mod (n / naik
            :ARG1 (s2 / sepeda
                  :mod (m / motor)))
      :time (s / siang))"
692,"(p / pulang
      :ARG0 (a / ayah)
      :location (d / desa)
      :time (m / malam
            :mod (t / tadi)))"
693,"(a1 / ajar
      :ARG0 (a2 / ayah)
      :location (s / sekolah
            :mod (d / dasar
                  :mod (n / negeri))
            :name (t1 / tamanan
                  :mod (vv1 / 1)))
      :time (t2 / tahun))"
694,"(m / main
      :ARG0 (a / adik)
      :ARG1 (b1 / boneka
            :name (b2 / barbie)))"
695,"(t / tabrak
      :ARG0 (m / mobil)
      :ARG1 (p / pagar
            :mod (r1 / rumah))
      :mod (s1 / sampai
            :mod (r2 / rusak))
      :time (s2 / siang))"
696,"(b / beri
      :ARG0 (a1 / ani)
      :ARG1 (u / ucap
            :mod (s / selamat))
      :mod (k / kepada
            :mod (a2 / adik))
      :time (t / tadi
            :mod (p / pagi)))"
697,"(m / mulai
      :ARG0 (a / acara
            :mod (d1 / diskusi))
      :time (j / jam
            :mod (d2 / delapan)))"
698,"(b / berangkat
      :ARG0 (p1 / paman)
      :ARG1 (l / layar)
      :time (s / sejak
            :mod (p2 / pukul
                  :mod (e / enam))))"
699,"(s / saji
      :ARG0 (i / ibu)
      :ARG1 (m / makan))"
700,"(l / laku
      :ARG0 (m / murid)
      :ARG1 (u / upacara
            :mod (b / bendera))
      :time (h / hari
            :mod (i / ini)))"
